beta.exposure,pos.exposure,pval.exposure,samplesize.exposure,chr.exposure,se.exposure,id.exposure,SNP,effect_allele.exposure,other_allele.exposure,eaf.exposure,exposure,mr_keep.exposure,pval_origin.exposure,data_source.exposure
0.2353,194060475,1.20226e-20,3301,3,0.0253,prot-a-1598,rs6809081,C,T,0.42319,Tyrosine-protein kinase JAK2 || id:prot-a-1598,TRUE,reported,igd
0.1993,194063300,5.24807e-10,3301,3,0.0321,prot-a-1598,rs62288099,C,T,0.8163,Tyrosine-protein kinase JAK2 || id:prot-a-1598,TRUE,reported,igd
0.3184,194059934,1.14815e-09,3301,3,0.0523,prot-a-1598,rs116345643,T,C,0.06771,Tyrosine-protein kinase JAK2 || id:prot-a-1598,TRUE,reported,igd
0.2023,194061906,1.58489e-10,3301,3,0.0316,prot-a-1598,rs4974538,C,T,0.81568,Tyrosine-protein kinase JAK2 || id:prot-a-1598,TRUE,reported,igd
0.1643,187129814,7.94328e-11,3301,4,0.0253,prot-a-1598,rs9684134,G,A,0.39487,Tyrosine-protein kinase JAK2 || id:prot-a-1598,TRUE,reported,igd
0.1637,187129995,1e-10,3301,4,0.0253,prot-a-1598,rs2276917,G,A,0.39427,Tyrosine-protein kinase JAK2 || id:prot-a-1598,TRUE,reported,igd
-0.2649,187149540,1.34896e-27,3301,4,0.0243,prot-a-1598,rs1912826,A,G,0.51201,Tyrosine-protein kinase JAK2 || id:prot-a-1598,TRUE,reported,igd
-0.1443,187115996,6.16595e-09,3301,4,0.0248,prot-a-1598,rs7661323,G,T,0.44692,Tyrosine-protein kinase JAK2 || id:prot-a-1598,TRUE,reported,igd
-0.1498,187122060,1.8197e-09,3301,4,0.0249,prot-a-1598,rs7687818,G,A,0.43087,Tyrosine-protein kinase JAK2 || id:prot-a-1598,TRUE,reported,igd
0.1641,187127817,7.4131e-11,3301,4,0.0252,prot-a-1598,rs1473597,G,A,0.39549,Tyrosine-protein kinase JAK2 || id:prot-a-1598,TRUE,reported,igd
-0.2269,187153775,1.02329e-18,3301,4,0.0257,prot-a-1598,rs4253244,A,C,0.63535,Tyrosine-protein kinase JAK2 || id:prot-a-1598,TRUE,reported,igd
0.2633,187157249,1.04713e-26,3301,4,0.0246,prot-a-1598,rs10582034,CAG,C,0.50292,Tyrosine-protein kinase JAK2 || id:prot-a-1598,TRUE,reported,igd
-0.1675,187163626,2.81838e-10,3301,4,0.0266,prot-a-1598,rs4253273,G,C,0.67532,Tyrosine-protein kinase JAK2 || id:prot-a-1598,TRUE,reported,igd
-0.1375,187192481,4.7863e-08,3301,4,0.0252,prot-a-1598,rs2036914,C,T,0.51628,Tyrosine-protein kinase JAK2 || id:prot-a-1598,TRUE,reported,igd
-0.1815,187133031,2.23872e-13,3301,4,0.0248,prot-a-1598,rs1053094,T,A,0.48197,Tyrosine-protein kinase JAK2 || id:prot-a-1598,TRUE,reported,igd
-0.2238,187148071,3.63078e-18,3301,4,0.0258,prot-a-1598,rs4253236,C,T,0.63399,Tyrosine-protein kinase JAK2 || id:prot-a-1598,TRUE,reported,igd
-0.2644,187152142,1.99526e-27,3301,4,0.0244,prot-a-1598,rs4241815,T,C,0.51224,Tyrosine-protein kinase JAK2 || id:prot-a-1598,TRUE,reported,igd
0.2252,187154873,3.98107e-11,3301,4,0.0341,prot-a-1598,rs2304596,C,T,0.16272,Tyrosine-protein kinase JAK2 || id:prot-a-1598,TRUE,reported,igd
-0.2601,187164081,7.07946e-25,3301,4,0.0253,prot-a-1598,rs61000956,C,T,0.47806,Tyrosine-protein kinase JAK2 || id:prot-a-1598,TRUE,reported,igd
-0.2647,187158034,2.69153e-27,3301,4,0.0245,prot-a-1598,rs3733402,A,G,0.51235,Tyrosine-protein kinase JAK2 || id:prot-a-1598,TRUE,reported,igd
-0.1955,187158433,1.86209e-14,3301,4,0.0255,prot-a-1598,rs4253253,G,A,0.37361,Tyrosine-protein kinase JAK2 || id:prot-a-1598,TRUE,reported,igd
-0.265,187158922,2.69153e-27,3301,4,0.0245,prot-a-1598,rs4253255,C,G,0.51262,Tyrosine-protein kinase JAK2 || id:prot-a-1598,TRUE,reported,igd
-0.1987,187161061,2.18776e-15,3301,4,0.0251,prot-a-1598,rs71640035,G,T,0.41665,Tyrosine-protein kinase JAK2 || id:prot-a-1598,TRUE,reported,igd
0.2181,187169425,1.90546e-10,3301,4,0.0342,prot-a-1598,rs141288175,T,TA,0.16627,Tyrosine-protein kinase JAK2 || id:prot-a-1598,TRUE,reported,igd
-0.1822,187170747,4.7863e-13,3301,4,0.0252,prot-a-1598,rs4253297,T,C,0.38368,Tyrosine-protein kinase JAK2 || id:prot-a-1598,TRUE,reported,igd
-0.194,187172280,5.88844e-15,3301,4,0.0248,prot-a-1598,rs2304595,A,G,0.40776,Tyrosine-protein kinase JAK2 || id:prot-a-1598,TRUE,reported,igd
-0.2618,187174683,1.77828e-26,3301,4,0.0246,prot-a-1598,rs4253311,G,A,0.51063,Tyrosine-protein kinase JAK2 || id:prot-a-1598,TRUE,reported,igd
0.1574,187128491,1.04713e-09,3301,4,0.0258,prot-a-1598,rs6552964,G,A,0.38896,Tyrosine-protein kinase JAK2 || id:prot-a-1598,TRUE,reported,igd
0.2047,187128719,3.23594e-09,3301,4,0.0346,prot-a-1598,rs55846148,T,A,0.17072,Tyrosine-protein kinase JAK2 || id:prot-a-1598,TRUE,reported,igd
0.226,187163163,5.01187e-11,3301,4,0.0344,prot-a-1598,rs4253262,G,A,0.16299,Tyrosine-protein kinase JAK2 || id:prot-a-1598,TRUE,reported,igd
-0.181,187164105,1.31826e-12,3301,4,0.0255,prot-a-1598,rs28881297,G,A,0.37108,Tyrosine-protein kinase JAK2 || id:prot-a-1598,TRUE,reported,igd
-0.2642,187164349,4.2658e-27,3301,4,0.0245,prot-a-1598,rs4253281,A,G,0.51355,Tyrosine-protein kinase JAK2 || id:prot-a-1598,TRUE,reported,igd
-0.1838,187170222,3.63078e-13,3301,4,0.0253,prot-a-1598,rs4253295,G,A,0.38108,Tyrosine-protein kinase JAK2 || id:prot-a-1598,TRUE,reported,igd
0.2589,187173801,6.0256e-26,3301,4,0.0246,prot-a-1598,rs200357845,G,GCCACCAATCCCA,0.49526,Tyrosine-protein kinase JAK2 || id:prot-a-1598,TRUE,reported,igd
0.1539,187196652,6.45654e-10,3301,4,0.0249,prot-a-1598,rs112655971,T,TA,0.4935,Tyrosine-protein kinase JAK2 || id:prot-a-1598,TRUE,reported,igd
-0.1479,187115945,3.31131e-09,3301,4,0.025,prot-a-1598,rs7683424,A,G,0.41811,Tyrosine-protein kinase JAK2 || id:prot-a-1598,TRUE,reported,igd
0.1609,187123582,1.58489e-10,3301,4,0.0252,prot-a-1598,rs6835839,G,T,0.39583,Tyrosine-protein kinase JAK2 || id:prot-a-1598,TRUE,reported,igd
0.1615,187123818,1.44544e-10,3301,4,0.0252,prot-a-1598,rs35643030,G,GCA,0.39605,Tyrosine-protein kinase JAK2 || id:prot-a-1598,TRUE,reported,igd
0.1616,187126857,1.38038e-10,3301,4,0.0252,prot-a-1598,rs34733777,C,A,0.39439,Tyrosine-protein kinase JAK2 || id:prot-a-1598,TRUE,reported,igd
-0.2674,187153786,5.24807e-28,3301,4,0.0244,prot-a-1598,rs4241818,C,T,0.51359,Tyrosine-protein kinase JAK2 || id:prot-a-1598,TRUE,reported,igd
0.2255,187154082,3.89045e-11,3301,4,0.0341,prot-a-1598,rs3775301,C,T,0.1629,Tyrosine-protein kinase JAK2 || id:prot-a-1598,TRUE,reported,igd
-0.223,187160430,6.76083e-18,3301,4,0.0259,prot-a-1598,rs377574600,G,A,0.62747,Tyrosine-protein kinase JAK2 || id:prot-a-1598,TRUE,reported,igd
-0.1868,187173546,1.69824e-13,3301,4,0.0253,prot-a-1598,rs4253303,A,G,0.38613,Tyrosine-protein kinase JAK2 || id:prot-a-1598,TRUE,reported,igd
-0.1935,187173571,6.30957e-15,3301,4,0.0248,prot-a-1598,rs4253304,C,G,0.40857,Tyrosine-protein kinase JAK2 || id:prot-a-1598,TRUE,reported,igd
0.2248,187176859,8.51138e-11,3301,4,0.0346,prot-a-1598,rs4253323,A,G,0.16254,Tyrosine-protein kinase JAK2 || id:prot-a-1598,TRUE,reported,igd
0.1626,187126550,1.04713e-10,3301,4,0.0252,prot-a-1598,rs3216724,T,TC,0.39446,Tyrosine-protein kinase JAK2 || id:prot-a-1598,TRUE,reported,igd
-0.2644,187143802,1.94984e-27,3301,4,0.0244,prot-a-1598,rs11132382,G,T,0.51201,Tyrosine-protein kinase JAK2 || id:prot-a-1598,TRUE,reported,igd
-0.2642,187163614,4.67735e-27,3301,4,0.0245,prot-a-1598,rs4253272,T,C,0.51236,Tyrosine-protein kinase JAK2 || id:prot-a-1598,TRUE,reported,igd
-0.1454,187115632,9.33254e-09,3301,4,0.0253,prot-a-1598,rs10013653,A,C,0.42034,Tyrosine-protein kinase JAK2 || id:prot-a-1598,TRUE,reported,igd
0.162,187121070,1.09648e-10,3301,4,0.0251,prot-a-1598,rs2292428,C,T,0.39639,Tyrosine-protein kinase JAK2 || id:prot-a-1598,TRUE,reported,igd
0.1605,187124238,1.77828e-10,3301,4,0.0252,prot-a-1598,rs72472525,G,GCACA,0.39565,Tyrosine-protein kinase JAK2 || id:prot-a-1598,TRUE,reported,igd
0.2651,187142011,1.51356e-27,3301,4,0.0244,prot-a-1598,rs34970894,CA,C,0.48801,Tyrosine-protein kinase JAK2 || id:prot-a-1598,TRUE,reported,igd
-0.2635,187145222,2.95121e-27,3301,4,0.0244,prot-a-1598,rs4862669,C,G,0.51222,Tyrosine-protein kinase JAK2 || id:prot-a-1598,TRUE,reported,igd
-0.2643,187148387,1.8197e-27,3301,4,0.0243,prot-a-1598,rs4253238,T,C,0.51194,Tyrosine-protein kinase JAK2 || id:prot-a-1598,TRUE,reported,igd
0.2226,187168866,7.94328e-11,3301,4,0.0342,prot-a-1598,rs4253292,G,A,0.16537,Tyrosine-protein kinase JAK2 || id:prot-a-1598,TRUE,reported,igd
-0.1928,187175722,9.33254e-15,3301,4,0.0249,prot-a-1598,rs2292423,A,T,0.40966,Tyrosine-protein kinase JAK2 || id:prot-a-1598,TRUE,reported,igd
0.2252,187176815,5.01187e-11,3301,4,0.0343,prot-a-1598,rs4253321,C,A,0.16589,Tyrosine-protein kinase JAK2 || id:prot-a-1598,TRUE,reported,igd
0.2207,187119285,1.07152e-10,3301,4,0.0342,prot-a-1598,rs67055364,C,G,0.16451,Tyrosine-protein kinase JAK2 || id:prot-a-1598,TRUE,reported,igd
0.2147,187120869,2.88403e-10,3301,4,0.0341,prot-a-1598,rs2292427,C,T,0.16231,Tyrosine-protein kinase JAK2 || id:prot-a-1598,TRUE,reported,igd
0.2231,187140215,6.45654e-11,3301,4,0.0342,prot-a-1598,rs55686332,A,G,0.16222,Tyrosine-protein kinase JAK2 || id:prot-a-1598,TRUE,reported,igd
-0.2677,187150478,5.24807e-28,3301,4,0.0244,prot-a-1598,rs3775298,G,A,0.51335,Tyrosine-protein kinase JAK2 || id:prot-a-1598,TRUE,reported,igd
-0.2646,187152658,1.7378e-27,3301,4,0.0244,prot-a-1598,rs4241817,C,T,0.51221,Tyrosine-protein kinase JAK2 || id:prot-a-1598,TRUE,reported,igd
-0.2612,187161211,1.86209e-26,3301,4,0.0245,prot-a-1598,rs66530140,C,T,0.51283,Tyrosine-protein kinase JAK2 || id:prot-a-1598,TRUE,reported,igd
-0.1661,187165211,4.0738e-10,3301,4,0.0266,prot-a-1598,rs4253283,C,T,0.67476,Tyrosine-protein kinase JAK2 || id:prot-a-1598,TRUE,reported,igd
0.2236,187148475,5.7544e-11,3301,4,0.0341,prot-a-1598,rs4253239,T,C,0.16223,Tyrosine-protein kinase JAK2 || id:prot-a-1598,TRUE,reported,igd
-0.2629,187163612,8.12831e-27,3301,4,0.0245,prot-a-1598,rs4253271,T,G,0.51107,Tyrosine-protein kinase JAK2 || id:prot-a-1598,TRUE,reported,igd
-0.2621,187164399,1.07152e-26,3301,4,0.0245,prot-a-1598,rs4253282,T,C,0.51241,Tyrosine-protein kinase JAK2 || id:prot-a-1598,TRUE,reported,igd
-0.2642,187158508,3.98107e-27,3301,4,0.0245,prot-a-1598,rs4253254,T,C,0.51206,Tyrosine-protein kinase JAK2 || id:prot-a-1598,TRUE,reported,igd
-0.1847,187169123,3.0903e-13,3301,4,0.0253,prot-a-1598,rs2175495,T,C,0.385,Tyrosine-protein kinase JAK2 || id:prot-a-1598,TRUE,reported,igd
-0.1629,187169650,8.51138e-10,3301,4,0.0265,prot-a-1598,rs4253294,G,A,0.67526,Tyrosine-protein kinase JAK2 || id:prot-a-1598,TRUE,reported,igd
0.2261,187171055,5.12861e-11,3301,4,0.0344,prot-a-1598,rs4253298,CA,C,0.16316,Tyrosine-protein kinase JAK2 || id:prot-a-1598,TRUE,reported,igd
0.2191,187176603,1.99526e-10,3301,4,0.0344,prot-a-1598,rs4253318,T,C,0.16704,Tyrosine-protein kinase JAK2 || id:prot-a-1598,TRUE,reported,igd
0.2226,187176609,1.7378e-10,3301,4,0.0349,prot-a-1598,rs4253319,C,T,0.16053,Tyrosine-protein kinase JAK2 || id:prot-a-1598,TRUE,reported,igd
-0.1818,187176626,7.07946e-13,3301,4,0.0253,prot-a-1598,rs4253320,T,C,0.38081,Tyrosine-protein kinase JAK2 || id:prot-a-1598,TRUE,reported,igd
-0.1642,187178186,6.45654e-10,3301,4,0.0266,prot-a-1598,rs4861709,T,C,0.67445,Tyrosine-protein kinase JAK2 || id:prot-a-1598,TRUE,reported,igd
0.2261,187178832,4.36516e-11,3301,4,0.0343,prot-a-1598,rs72710572,G,C,0.16732,Tyrosine-protein kinase JAK2 || id:prot-a-1598,TRUE,reported,igd
-0.1398,187116227,2.0893e-08,3301,4,0.0249,prot-a-1598,rs7684025,A,G,0.44136,Tyrosine-protein kinase JAK2 || id:prot-a-1598,TRUE,reported,igd
0.1636,187129771,9.54993e-11,3301,4,0.0253,prot-a-1598,rs9685463,A,G,0.39552,Tyrosine-protein kinase JAK2 || id:prot-a-1598,TRUE,reported,igd
-0.1716,187136735,5.7544e-10,3301,4,0.0277,prot-a-1598,rs3775297,C,T,0.69352,Tyrosine-protein kinase JAK2 || id:prot-a-1598,TRUE,reported,igd
0.2243,187141320,4.89779e-11,3301,4,0.0341,prot-a-1598,rs9998455,A,G,0.1625,Tyrosine-protein kinase JAK2 || id:prot-a-1598,TRUE,reported,igd
-0.2645,187160394,3.23594e-27,3301,4,0.0245,prot-a-1598,rs139276089,C,G,0.51244,Tyrosine-protein kinase JAK2 || id:prot-a-1598,TRUE,reported,igd
0.2262,187163305,2.75423e-16,3301,4,0.0276,prot-a-1598,rs4253265,T,TG,0.28487,Tyrosine-protein kinase JAK2 || id:prot-a-1598,TRUE,reported,igd
-0.1923,187164069,2.45471e-13,3301,4,0.0263,prot-a-1598,rs4253279,C,T,0.35748,Tyrosine-protein kinase JAK2 || id:prot-a-1598,TRUE,reported,igd
-0.1671,187175177,3.0903e-10,3301,4,0.0265,prot-a-1598,rs4253313,G,A,0.67452,Tyrosine-protein kinase JAK2 || id:prot-a-1598,TRUE,reported,igd
-0.1392,187118662,3.71535e-08,3301,4,0.0253,prot-a-1598,rs4862662,T,G,0.40139,Tyrosine-protein kinase JAK2 || id:prot-a-1598,TRUE,reported,igd
-0.1485,187124459,2.45471e-09,3301,4,0.0249,prot-a-1598,rs10000459,C,A,0.42993,Tyrosine-protein kinase JAK2 || id:prot-a-1598,TRUE,reported,igd
0.1523,187128478,3.54813e-09,3301,4,0.0258,prot-a-1598,rs6552963,G,A,0.38878,Tyrosine-protein kinase JAK2 || id:prot-a-1598,TRUE,reported,igd
0.2133,187134194,3.80189e-10,3301,4,0.0341,prot-a-1598,rs56413992,T,C,0.16434,Tyrosine-protein kinase JAK2 || id:prot-a-1598,TRUE,reported,igd
-0.2634,187139807,5.12861e-27,3301,4,0.0245,prot-a-1598,rs12331051,T,C,0.51613,Tyrosine-protein kinase JAK2 || id:prot-a-1598,TRUE,reported,igd
-0.2645,187148133,1.8197e-27,3301,4,0.0244,prot-a-1598,rs2048,T,G,0.51181,Tyrosine-protein kinase JAK2 || id:prot-a-1598,TRUE,reported,igd
-0.1584,187160081,1.69824e-09,3301,4,0.0263,prot-a-1598,rs4241820,T,C,0.64894,Tyrosine-protein kinase JAK2 || id:prot-a-1598,TRUE,reported,igd
-0.2653,187161048,2.34423e-27,3301,4,0.0245,prot-a-1598,rs71640034,A,G,0.51294,Tyrosine-protein kinase JAK2 || id:prot-a-1598,TRUE,reported,igd
0.2232,187163511,5.49541e-16,3301,4,0.0276,prot-a-1598,rs4253269,T,C,0.28621,Tyrosine-protein kinase JAK2 || id:prot-a-1598,TRUE,reported,igd
-0.2599,187169167,3.31131e-26,3301,4,0.0245,prot-a-1598,rs1973612,T,C,0.5115,Tyrosine-protein kinase JAK2 || id:prot-a-1598,TRUE,reported,igd
-0.1836,187174363,3.98107e-13,3301,4,0.0253,prot-a-1598,rs4253308,C,A,0.38227,Tyrosine-protein kinase JAK2 || id:prot-a-1598,TRUE,reported,igd
-0.1953,187178014,4.36516e-15,3301,4,0.0249,prot-a-1598,rs3775303,T,A,0.40751,Tyrosine-protein kinase JAK2 || id:prot-a-1598,TRUE,reported,igd
-0.265,187152327,1.28825e-27,3301,4,0.0243,prot-a-1598,rs4241816,T,A,0.51191,Tyrosine-protein kinase JAK2 || id:prot-a-1598,TRUE,reported,igd
-0.2642,187157233,2.04174e-27,3301,4,0.0244,prot-a-1598,rs4861708,A,G,0.51162,Tyrosine-protein kinase JAK2 || id:prot-a-1598,TRUE,reported,igd
-0.2639,187157458,2.45471e-27,3301,4,0.0244,prot-a-1598,rs4253252,G,T,0.51231,Tyrosine-protein kinase JAK2 || id:prot-a-1598,TRUE,reported,igd
-0.2227,187159282,6.76083e-18,3301,4,0.0258,prot-a-1598,rs4253256,C,G,0.63475,Tyrosine-protein kinase JAK2 || id:prot-a-1598,TRUE,reported,igd
-0.2642,187160250,3.38844e-27,3301,4,0.0245,prot-a-1598,rs12509937,T,C,0.5119,Tyrosine-protein kinase JAK2 || id:prot-a-1598,TRUE,reported,igd
0.2295,187162077,1.77828e-11,3301,4,0.0341,prot-a-1598,rs4253260,G,C,0.16575,Tyrosine-protein kinase JAK2 || id:prot-a-1598,TRUE,reported,igd
-0.1666,187165433,3.46737e-10,3301,4,0.0265,prot-a-1598,rs34899763,A,T,0.67478,Tyrosine-protein kinase JAK2 || id:prot-a-1598,TRUE,reported,igd
0.2282,187173488,2.69153e-11,3301,4,0.0343,prot-a-1598,rs4253302,G,A,0.16542,Tyrosine-protein kinase JAK2 || id:prot-a-1598,TRUE,reported,igd
0.1686,187174797,2.34423e-10,3301,4,0.0266,prot-a-1598,rs4253312,A,AT,0.32511,Tyrosine-protein kinase JAK2 || id:prot-a-1598,TRUE,reported,igd
0.2155,187118358,3.38844e-10,3301,4,0.0343,prot-a-1598,rs62350518,T,C,0.16567,Tyrosine-protein kinase JAK2 || id:prot-a-1598,TRUE,reported,igd
0.1635,187121127,9.12011e-11,3301,4,0.0252,prot-a-1598,rs2292430,T,A,0.39657,Tyrosine-protein kinase JAK2 || id:prot-a-1598,TRUE,reported,igd
-0.1398,187123519,4.46684e-08,3301,4,0.0255,prot-a-1598,rs6835646,C,T,0.376,Tyrosine-protein kinase JAK2 || id:prot-a-1598,TRUE,reported,igd
0.162,187128553,1.94984e-10,3301,4,0.0254,prot-a-1598,rs6552965,G,A,0.39311,Tyrosine-protein kinase JAK2 || id:prot-a-1598,TRUE,reported,igd
-0.207,187138463,8.51138e-16,3301,4,0.0257,prot-a-1598,rs13136536,G,C,0.62301,Tyrosine-protein kinase JAK2 || id:prot-a-1598,TRUE,reported,igd
-0.1898,187150806,4.57088e-14,3301,4,0.0252,prot-a-1598,rs1511802,C,T,0.38174,Tyrosine-protein kinase JAK2 || id:prot-a-1598,TRUE,reported,igd
0.2246,187151108,4.57088e-11,3301,4,0.0341,prot-a-1598,rs62348795,G,A,0.16265,Tyrosine-protein kinase JAK2 || id:prot-a-1598,TRUE,reported,igd
-0.2624,187157140,7.94328e-27,3301,4,0.0245,prot-a-1598,rs4241819,T,C,0.50721,Tyrosine-protein kinase JAK2 || id:prot-a-1598,TRUE,reported,igd
-0.2627,187161120,1.7378e-26,3301,4,0.0247,prot-a-1598,rs71640036,T,G,0.50238,Tyrosine-protein kinase JAK2 || id:prot-a-1598,TRUE,reported,igd
-0.1985,187164068,5.49541e-14,3301,4,0.0264,prot-a-1598,rs4253278,G,A,0.3545,Tyrosine-protein kinase JAK2 || id:prot-a-1598,TRUE,reported,igd
-0.1908,187166024,6.91831e-14,3301,4,0.0255,prot-a-1598,rs80177406,A,G,0.37397,Tyrosine-protein kinase JAK2 || id:prot-a-1598,TRUE,reported,igd
-0.153,187196510,8.31764e-10,3301,4,0.0249,prot-a-1598,rs2055916,A,G,0.50513,Tyrosine-protein kinase JAK2 || id:prot-a-1598,TRUE,reported,igd
-0.2651,187155488,1.38038e-27,3301,4,0.0244,prot-a-1598,rs4253248,A,G,0.51197,Tyrosine-protein kinase JAK2 || id:prot-a-1598,TRUE,reported,igd
0.2268,187165545,3.0903e-11,3301,4,0.0341,prot-a-1598,rs4253285,A,G,0.16568,Tyrosine-protein kinase JAK2 || id:prot-a-1598,TRUE,reported,igd
0.2268,187178960,5.49541e-11,3301,4,0.0346,prot-a-1598,rs4253330,G,A,0.16322,Tyrosine-protein kinase JAK2 || id:prot-a-1598,TRUE,reported,igd
-0.1624,187179803,1.02329e-09,3301,4,0.0266,prot-a-1598,rs4253332,C,T,0.66949,Tyrosine-protein kinase JAK2 || id:prot-a-1598,TRUE,reported,igd
-0.141,187116039,1.51356e-08,3301,4,0.0249,prot-a-1598,rs7683132,G,A,0.44737,Tyrosine-protein kinase JAK2 || id:prot-a-1598,TRUE,reported,igd
0.1604,187121126,2.0893e-10,3301,4,0.0252,prot-a-1598,rs2292429,A,T,0.39655,Tyrosine-protein kinase JAK2 || id:prot-a-1598,TRUE,reported,igd
0.1607,187128737,2.51189e-10,3301,4,0.0254,prot-a-1598,rs10563190,A,ATAAT,0.39224,Tyrosine-protein kinase JAK2 || id:prot-a-1598,TRUE,reported,igd
0.2099,187128893,1.25893e-09,3301,4,0.0346,prot-a-1598,rs56105926,T,C,0.16,Tyrosine-protein kinase JAK2 || id:prot-a-1598,TRUE,reported,igd
0.2158,187128912,4.57088e-10,3301,4,0.0346,prot-a-1598,rs55975907,T,C,0.15948,Tyrosine-protein kinase JAK2 || id:prot-a-1598,TRUE,reported,igd
-0.1797,187129780,3.80189e-13,3301,4,0.0247,prot-a-1598,rs7377304,G,T,0.48349,Tyrosine-protein kinase JAK2 || id:prot-a-1598,TRUE,reported,igd
-0.1518,187130198,1.25893e-09,3301,4,0.025,prot-a-1598,rs2276918,G,A,0.43236,Tyrosine-protein kinase JAK2 || id:prot-a-1598,TRUE,reported,igd
-0.2646,187139939,1.77828e-27,3301,4,0.0244,prot-a-1598,rs12331618,G,A,0.51151,Tyrosine-protein kinase JAK2 || id:prot-a-1598,TRUE,reported,igd
-0.1873,187140276,9.54993e-14,3301,4,0.0252,prot-a-1598,rs28797242,T,C,0.38071,Tyrosine-protein kinase JAK2 || id:prot-a-1598,TRUE,reported,igd
-0.223,187146687,4.7863e-18,3301,4,0.0258,prot-a-1598,rs9994208,G,A,0.63463,Tyrosine-protein kinase JAK2 || id:prot-a-1598,TRUE,reported,igd
-0.2654,187150710,1.12202e-27,3301,4,0.0243,prot-a-1598,rs1511801,T,A,0.51232,Tyrosine-protein kinase JAK2 || id:prot-a-1598,TRUE,reported,igd
-0.2634,187161501,6.30957e-27,3301,4,0.0245,prot-a-1598,rs35984397,A,G,0.5138,Tyrosine-protein kinase JAK2 || id:prot-a-1598,TRUE,reported,igd
0.2237,187163369,5.12861e-16,3301,4,0.0276,prot-a-1598,rs4253266,T,C,0.28481,Tyrosine-protein kinase JAK2 || id:prot-a-1598,TRUE,reported,igd
0.2202,187170978,1.14815e-10,3301,4,0.0342,prot-a-1598,rs28721981,A,T,0.16587,Tyrosine-protein kinase JAK2 || id:prot-a-1598,TRUE,reported,igd
-0.1945,187173691,5.62341e-15,3301,4,0.0249,prot-a-1598,rs4253305,G,A,0.40781,Tyrosine-protein kinase JAK2 || id:prot-a-1598,TRUE,reported,igd
0.2221,187174441,8.91251e-11,3301,4,0.0343,prot-a-1598,rs141768109,T,TTTTG,0.16659,Tyrosine-protein kinase JAK2 || id:prot-a-1598,TRUE,reported,igd
-0.1927,187178300,1e-14,3301,4,0.0249,prot-a-1598,rs4241822,C,T,0.40819,Tyrosine-protein kinase JAK2 || id:prot-a-1598,TRUE,reported,igd
-0.1626,187179210,1.20226e-09,3301,4,0.0267,prot-a-1598,rs925453,C,T,0.67573,Tyrosine-protein kinase JAK2 || id:prot-a-1598,TRUE,reported,igd
-0.1643,187197994,5.12861e-11,3301,4,0.025,prot-a-1598,rs4253416,T,C,0.54676,Tyrosine-protein kinase JAK2 || id:prot-a-1598,TRUE,reported,igd
-0.1847,176842474,9.12011e-11,3301,5,0.0285,prot-a-1598,rs2731672,C,T,0.75023,Tyrosine-protein kinase JAK2 || id:prot-a-1598,TRUE,reported,igd
-0.1539,176831177,1.1749e-08,3301,5,0.027,prot-a-1598,rs35966430,T,TC,0.65985,Tyrosine-protein kinase JAK2 || id:prot-a-1598,TRUE,reported,igd
-0.1905,176836532,1.62181e-11,3301,5,0.0283,prot-a-1598,rs1801020,G,A,0.75032,Tyrosine-protein kinase JAK2 || id:prot-a-1598,TRUE,reported,igd
-0.1852,176839890,4.46684e-11,3301,5,0.0281,prot-a-1598,rs2731674,G,T,0.75301,Tyrosine-protein kinase JAK2 || id:prot-a-1598,TRUE,reported,igd
-0.1835,176841339,5.7544e-11,3301,5,0.028,prot-a-1598,rs2545801,C,T,0.75043,Tyrosine-protein kinase JAK2 || id:prot-a-1598,TRUE,reported,igd
-0.1564,176831119,7.24436e-09,3301,5,0.027,prot-a-1598,rs17876031,G,A,0.66231,Tyrosine-protein kinase JAK2 || id:prot-a-1598,TRUE,reported,igd
-0.1851,176839898,4.16869e-11,3301,5,0.0281,prot-a-1598,rs2731673,C,T,0.75237,Tyrosine-protein kinase JAK2 || id:prot-a-1598,TRUE,reported,igd
0.1843,176840084,3.98107e-11,3301,5,0.0279,prot-a-1598,rs75077631,G,GC,0.25227,Tyrosine-protein kinase JAK2 || id:prot-a-1598,TRUE,reported,igd
-0.1504,176830627,2.0893e-08,3301,5,0.0269,prot-a-1598,rs17876032,A,G,0.65426,Tyrosine-protein kinase JAK2 || id:prot-a-1598,TRUE,reported,igd
-0.357,101709496,1.8197e-08,3301,10,0.0634,prot-a-1598,rs80317711,A,T,0.03894,Tyrosine-protein kinase JAK2 || id:prot-a-1598,TRUE,reported,igd
-0.3584,101730675,2.81838e-08,3301,10,0.0645,prot-a-1598,rs11190347,T,G,0.03836,Tyrosine-protein kinase JAK2 || id:prot-a-1598,TRUE,reported,igd
-0.3499,101732780,3.16228e-08,3301,10,0.0633,prot-a-1598,rs12265095,G,C,0.03909,Tyrosine-protein kinase JAK2 || id:prot-a-1598,TRUE,reported,igd
-0.3531,101696318,2.34423e-08,3301,10,0.0633,prot-a-1598,rs12261921,T,C,0.0399,Tyrosine-protein kinase JAK2 || id:prot-a-1598,TRUE,reported,igd
-0.3564,101700884,1.90546e-08,3301,10,0.0634,prot-a-1598,rs111990122,T,C,0.03901,Tyrosine-protein kinase JAK2 || id:prot-a-1598,TRUE,reported,igd
-0.354,101765000,2.81838e-08,3301,10,0.0638,prot-a-1598,rs12244250,G,A,0.04014,Tyrosine-protein kinase JAK2 || id:prot-a-1598,TRUE,reported,igd
-0.4241,101788308,1e-10,3301,10,0.0656,prot-a-1598,rs7896471,T,G,0.03789,Tyrosine-protein kinase JAK2 || id:prot-a-1598,TRUE,reported,igd
-0.4236,101792462,5.88844e-11,3301,10,0.0647,prot-a-1598,rs74707016,A,G,0.03906,Tyrosine-protein kinase JAK2 || id:prot-a-1598,TRUE,reported,igd
-0.1553,101813802,5.24807e-10,3301,10,0.025,prot-a-1598,rs7084921,T,C,0.42564,Tyrosine-protein kinase JAK2 || id:prot-a-1598,TRUE,reported,igd
-0.3713,101738791,8.12831e-09,3301,10,0.0644,prot-a-1598,rs76877580,G,A,0.03887,Tyrosine-protein kinase JAK2 || id:prot-a-1598,TRUE,reported,igd
-0.3528,101762057,3.46737e-08,3301,10,0.064,prot-a-1598,rs111354488,G,GA,0.03981,Tyrosine-protein kinase JAK2 || id:prot-a-1598,TRUE,reported,igd
-0.3697,101766797,6.60693e-09,3301,10,0.0637,prot-a-1598,rs146995884,T,A,0.04,Tyrosine-protein kinase JAK2 || id:prot-a-1598,TRUE,reported,igd
-0.1502,101799754,2.29087e-09,3301,10,0.0251,prot-a-1598,rs11190378,C,T,0.4198,Tyrosine-protein kinase JAK2 || id:prot-a-1598,TRUE,reported,igd
-0.414,101814910,4.0738e-12,3301,10,0.0597,prot-a-1598,rs117150338,A,G,0.04605,Tyrosine-protein kinase JAK2 || id:prot-a-1598,TRUE,reported,igd
-0.4429,101829514,1.12202e-13,3301,10,0.0596,prot-a-1598,rs61751507,T,C,0.04472,Tyrosine-protein kinase JAK2 || id:prot-a-1598,TRUE,reported,igd
-0.3647,101692468,1.1749e-08,3301,10,0.064,prot-a-1598,rs375331593,G,A,0.03885,Tyrosine-protein kinase JAK2 || id:prot-a-1598,TRUE,reported,igd
-0.345,101707335,4.67735e-08,3301,10,0.0631,prot-a-1598,rs112634073,A,G,0.0394,Tyrosine-protein kinase JAK2 || id:prot-a-1598,TRUE,reported,igd
-0.3619,101751700,1.1749e-08,3301,10,0.0634,prot-a-1598,rs10159539,T,C,0.03972,Tyrosine-protein kinase JAK2 || id:prot-a-1598,TRUE,reported,igd
-0.1565,101807580,3.63078e-10,3301,10,0.025,prot-a-1598,rs34829005,T,TA,0.42584,Tyrosine-protein kinase JAK2 || id:prot-a-1598,TRUE,reported,igd
-0.35,101722715,3.0903e-08,3301,10,0.0632,prot-a-1598,rs113231893,T,TG,0.03922,Tyrosine-protein kinase JAK2 || id:prot-a-1598,TRUE,reported,igd
-0.4208,101799733,4.36516e-12,3301,10,0.0608,prot-a-1598,rs114702800,T,C,0.04445,Tyrosine-protein kinase JAK2 || id:prot-a-1598,TRUE,reported,igd
-0.3507,101717833,2.95121e-08,3301,10,0.0633,prot-a-1598,rs112622725,T,C,0.03912,Tyrosine-protein kinase JAK2 || id:prot-a-1598,TRUE,reported,igd
-0.3562,101768075,2.29087e-08,3301,10,0.0638,prot-a-1598,rs76707553,C,G,0.04,Tyrosine-protein kinase JAK2 || id:prot-a-1598,TRUE,reported,igd
-0.1488,101799301,3.0903e-09,3301,10,0.0251,prot-a-1598,rs11190377,C,T,0.42013,Tyrosine-protein kinase JAK2 || id:prot-a-1598,TRUE,reported,igd
0.1484,101803157,3.63078e-09,3301,10,0.0251,prot-a-1598,rs11395382,G,GA,0.58234,Tyrosine-protein kinase JAK2 || id:prot-a-1598,TRUE,reported,igd
-0.4259,101805360,2.39883e-12,3301,10,0.0608,prot-a-1598,rs17112478,A,T,0.04455,Tyrosine-protein kinase JAK2 || id:prot-a-1598,TRUE,reported,igd
0.3587,101781083,3.16228e-08,3301,10,0.0648,prot-a-1598,rs145852871,A,AAT,0.96094,Tyrosine-protein kinase JAK2 || id:prot-a-1598,TRUE,reported,igd
-0.3973,101786512,9.77237e-10,3301,10,0.065,prot-a-1598,rs200212895,CTTGAGGCCAGGAGT,C,0.03953,Tyrosine-protein kinase JAK2 || id:prot-a-1598,TRUE,reported,igd
-0.1377,101803425,4.89779e-08,3301,10,0.0252,prot-a-1598,rs4295981,T,C,0.39993,Tyrosine-protein kinase JAK2 || id:prot-a-1598,TRUE,reported,igd
-0.1588,101806252,2.23872e-10,3301,10,0.025,prot-a-1598,rs4919420,G,A,0.41373,Tyrosine-protein kinase JAK2 || id:prot-a-1598,TRUE,reported,igd
-0.3467,101747164,3.98107e-08,3301,10,0.0632,prot-a-1598,rs7924071,T,C,0.04022,Tyrosine-protein kinase JAK2 || id:prot-a-1598,TRUE,reported,igd
-0.3595,101765315,1.44544e-08,3301,10,0.0634,prot-a-1598,rs12244458,G,A,0.0404,Tyrosine-protein kinase JAK2 || id:prot-a-1598,TRUE,reported,igd
-0.2526,101803424,4.46684e-08,3301,10,0.0462,prot-a-1598,rs201483978,T,TC,0.10482,Tyrosine-protein kinase JAK2 || id:prot-a-1598,TRUE,reported,igd
-0.3047,101810304,1.90546e-08,3301,10,0.0542,prot-a-1598,rs7091871,T,C,0.05572,Tyrosine-protein kinase JAK2 || id:prot-a-1598,TRUE,reported,igd
-0.3507,101722126,2.95121e-08,3301,10,0.0632,prot-a-1598,rs113646136,T,C,0.03922,Tyrosine-protein kinase JAK2 || id:prot-a-1598,TRUE,reported,igd
-0.3816,101781222,4.46684e-09,3301,10,0.0651,prot-a-1598,rs117783875,C,T,0.03865,Tyrosine-protein kinase JAK2 || id:prot-a-1598,TRUE,reported,igd
-0.4055,101808993,8.31764e-12,3301,10,0.0593,prot-a-1598,rs111563092,T,C,0.04622,Tyrosine-protein kinase JAK2 || id:prot-a-1598,TRUE,reported,igd
0.365,101813482,2.69153e-10,3301,10,0.0578,prot-a-1598,rs11336201,CA,C,0.94886,Tyrosine-protein kinase JAK2 || id:prot-a-1598,TRUE,reported,igd
-0.1506,101815573,1.7378e-09,3301,10,0.025,prot-a-1598,rs7094406,A,G,0.42596,Tyrosine-protein kinase JAK2 || id:prot-a-1598,TRUE,reported,igd
-0.3589,101730678,4.16869e-08,3301,10,0.0655,prot-a-1598,rs10883431,A,G,0.03722,Tyrosine-protein kinase JAK2 || id:prot-a-1598,TRUE,reported,igd
-0.353,101735593,3.23594e-08,3301,10,0.0639,prot-a-1598,rs11190350,C,T,0.03907,Tyrosine-protein kinase JAK2 || id:prot-a-1598,TRUE,reported,igd
-0.3732,101756362,5.24807e-09,3301,10,0.0639,prot-a-1598,rs78486581,T,C,0.03907,Tyrosine-protein kinase JAK2 || id:prot-a-1598,TRUE,reported,igd
-0.156,101812302,4.46684e-10,3301,10,0.025,prot-a-1598,rs12243096,G,C,0.42607,Tyrosine-protein kinase JAK2 || id:prot-a-1598,TRUE,reported,igd
-0.3476,101781044,3.98107e-08,3301,10,0.0633,prot-a-1598,rs79620708,T,C,0.04083,Tyrosine-protein kinase JAK2 || id:prot-a-1598,TRUE,reported,igd
-0.1522,101796947,1.94984e-09,3301,10,0.0254,prot-a-1598,rs11190375,A,G,0.41477,Tyrosine-protein kinase JAK2 || id:prot-a-1598,TRUE,reported,igd
-0.4046,101811261,1e-11,3301,10,0.0595,prot-a-1598,rs17112509,A,G,0.046,Tyrosine-protein kinase JAK2 || id:prot-a-1598,TRUE,reported,igd
-0.3988,101814331,2.51189e-11,3301,10,0.0598,prot-a-1598,rs74152959,G,T,0.04621,Tyrosine-protein kinase JAK2 || id:prot-a-1598,TRUE,reported,igd
-0.3585,101724393,1.62181e-08,3301,10,0.0635,prot-a-1598,rs112565283,T,C,0.03892,Tyrosine-protein kinase JAK2 || id:prot-a-1598,TRUE,reported,igd
-0.3599,101733575,1.41254e-08,3301,10,0.0635,prot-a-1598,rs12245474,C,T,0.03899,Tyrosine-protein kinase JAK2 || id:prot-a-1598,TRUE,reported,igd
-0.3719,101751752,1.14815e-08,3301,10,0.0652,prot-a-1598,rs112074840,C,T,0.03797,Tyrosine-protein kinase JAK2 || id:prot-a-1598,TRUE,reported,igd
-0.3622,101756453,1.90546e-08,3301,10,0.0644,prot-a-1598,rs12266302,C,A,0.0388,Tyrosine-protein kinase JAK2 || id:prot-a-1598,TRUE,reported,igd
-0.3575,101767632,1.90546e-08,3301,10,0.0636,prot-a-1598,rs74152910,C,T,0.0404,Tyrosine-protein kinase JAK2 || id:prot-a-1598,TRUE,reported,igd
-0.3575,101716112,1.69824e-08,3301,10,0.0634,prot-a-1598,rs35924554,C,G,0.03897,Tyrosine-protein kinase JAK2 || id:prot-a-1598,TRUE,reported,igd
-0.4507,101770198,3.98107e-09,3301,10,0.0766,prot-a-1598,rs184487599,T,C,0.02966,Tyrosine-protein kinase JAK2 || id:prot-a-1598,TRUE,reported,igd
-0.4166,101798405,4.0738e-12,3301,10,0.0601,prot-a-1598,rs78723267,A,G,0.04595,Tyrosine-protein kinase JAK2 || id:prot-a-1598,TRUE,reported,igd
-0.1495,101803065,2.45471e-09,3301,10,0.0251,prot-a-1598,rs7091920,T,C,0.42018,Tyrosine-protein kinase JAK2 || id:prot-a-1598,TRUE,reported,igd
-0.4162,101804258,4.46684e-12,3301,10,0.0601,prot-a-1598,rs113582392,G,A,0.04545,Tyrosine-protein kinase JAK2 || id:prot-a-1598,TRUE,reported,igd
-0.2971,101810579,4.36516e-08,3301,10,0.0543,prot-a-1598,rs7095471,G,A,0.05538,Tyrosine-protein kinase JAK2 || id:prot-a-1598,TRUE,reported,igd
-0.38,101812499,1.38038e-10,3301,10,0.0592,prot-a-1598,rs77282753,C,T,0.04706,Tyrosine-protein kinase JAK2 || id:prot-a-1598,TRUE,reported,igd
-0.3166,101815430,3.54813e-09,3301,10,0.0536,prot-a-1598,rs7090607,T,C,0.0591,Tyrosine-protein kinase JAK2 || id:prot-a-1598,TRUE,reported,igd
-0.3846,101964536,3.46737e-08,3301,10,0.0698,prot-a-1598,rs17886182,A,C,0.03379,Tyrosine-protein kinase JAK2 || id:prot-a-1598,TRUE,reported,igd
-0.3664,101693149,2.23872e-09,3301,10,0.0613,prot-a-1598,rs11190328,C,T,0.04214,Tyrosine-protein kinase JAK2 || id:prot-a-1598,TRUE,reported,igd
-0.3521,101697057,2.88403e-08,3301,10,0.0635,prot-a-1598,rs76241602,T,C,0.03943,Tyrosine-protein kinase JAK2 || id:prot-a-1598,TRUE,reported,igd
-0.351,101718916,2.81838e-08,3301,10,0.0632,prot-a-1598,rs77807035,G,T,0.03916,Tyrosine-protein kinase JAK2 || id:prot-a-1598,TRUE,reported,igd
-0.3497,101731424,3.23594e-08,3301,10,0.0633,prot-a-1598,rs11190348,T,C,0.03909,Tyrosine-protein kinase JAK2 || id:prot-a-1598,TRUE,reported,igd
-0.3498,101732818,3.23594e-08,3301,10,0.0633,prot-a-1598,rs12265104,T,C,0.03908,Tyrosine-protein kinase JAK2 || id:prot-a-1598,TRUE,reported,igd
-0.3585,101779504,1.69824e-08,3301,10,0.0635,prot-a-1598,rs80154891,T,C,0.04074,Tyrosine-protein kinase JAK2 || id:prot-a-1598,TRUE,reported,igd
-0.4036,101787013,4.46684e-10,3301,10,0.0647,prot-a-1598,rs139503615,T,C,0.03925,Tyrosine-protein kinase JAK2 || id:prot-a-1598,TRUE,reported,igd
-0.4701,101802262,2.13796e-12,3301,10,0.0669,prot-a-1598,rs61733667,A,G,0.03645,Tyrosine-protein kinase JAK2 || id:prot-a-1598,TRUE,reported,igd
-0.3911,101805621,1.20226e-10,3301,10,0.0608,prot-a-1598,rs74152937,A,G,0.04539,Tyrosine-protein kinase JAK2 || id:prot-a-1598,TRUE,reported,igd
-0.3489,101761769,3.46737e-08,3301,10,0.0633,prot-a-1598,rs11190362,C,T,0.04012,Tyrosine-protein kinase JAK2 || id:prot-a-1598,TRUE,reported,igd
-0.3761,101781438,5.49541e-09,3301,10,0.0645,prot-a-1598,rs117234469,A,T,0.03925,Tyrosine-protein kinase JAK2 || id:prot-a-1598,TRUE,reported,igd
-0.422,101788009,1e-10,3301,10,0.0652,prot-a-1598,rs7895840,A,C,0.03825,Tyrosine-protein kinase JAK2 || id:prot-a-1598,TRUE,reported,igd
-0.4299,101790531,4.89779e-11,3301,10,0.0654,prot-a-1598,rs7084264,T,C,0.03853,Tyrosine-protein kinase JAK2 || id:prot-a-1598,TRUE,reported,igd
-0.4163,101797301,3.31131e-12,3301,10,0.0598,prot-a-1598,rs115223355,T,C,0.04582,Tyrosine-protein kinase JAK2 || id:prot-a-1598,TRUE,reported,igd
-0.4144,101797515,4.46684e-12,3301,10,0.0599,prot-a-1598,rs181978376,C,T,0.04586,Tyrosine-protein kinase JAK2 || id:prot-a-1598,TRUE,reported,igd
-0.1512,101799302,1.99526e-09,3301,10,0.0252,prot-a-1598,rs4486555,T,G,0.40789,Tyrosine-protein kinase JAK2 || id:prot-a-1598,TRUE,reported,igd
-0.1479,101804596,3.80189e-09,3301,10,0.0251,prot-a-1598,rs9733823,T,G,0.42078,Tyrosine-protein kinase JAK2 || id:prot-a-1598,TRUE,reported,igd
-0.1532,101805442,1.23027e-09,3301,10,0.0252,prot-a-1598,rs11599750,T,C,0.40764,Tyrosine-protein kinase JAK2 || id:prot-a-1598,TRUE,reported,igd
-0.157,101806326,3.23594e-10,3301,10,0.025,prot-a-1598,rs7897739,T,C,0.42608,Tyrosine-protein kinase JAK2 || id:prot-a-1598,TRUE,reported,igd
-0.3867,101806462,7.58578e-11,3301,10,0.0594,prot-a-1598,rs7076435,A,G,0.04699,Tyrosine-protein kinase JAK2 || id:prot-a-1598,TRUE,reported,igd
-0.4486,101889964,5.7544e-14,3301,10,0.0597,prot-a-1598,rs72840032,T,C,0.04656,Tyrosine-protein kinase JAK2 || id:prot-a-1598,TRUE,reported,igd
-0.4121,102043953,1.34896e-08,3301,10,0.0725,prot-a-1598,rs117498276,A,C,0.03383,Tyrosine-protein kinase JAK2 || id:prot-a-1598,TRUE,reported,igd
-0.3574,101698519,1.69824e-08,3301,10,0.0634,prot-a-1598,rs75835964,A,T,0.03901,Tyrosine-protein kinase JAK2 || id:prot-a-1598,TRUE,reported,igd
-0.3592,101753618,1.58489e-08,3301,10,0.0635,prot-a-1598,rs10159644,A,G,0.03965,Tyrosine-protein kinase JAK2 || id:prot-a-1598,TRUE,reported,igd
0.1686,26462889,2.29087e-10,3301,17,0.0266,prot-a-1598,rs17792426,G,A,0.29883,Tyrosine-protein kinase JAK2 || id:prot-a-1598,TRUE,reported,igd
-0.2046,26564163,7.76247e-15,3301,17,0.0263,prot-a-1598,rs241790,T,C,0.3152,Tyrosine-protein kinase JAK2 || id:prot-a-1598,TRUE,reported,igd
-0.2282,26610513,3.98107e-20,3301,17,0.0248,prot-a-1598,rs9901901,C,T,0.46119,Tyrosine-protein kinase JAK2 || id:prot-a-1598,TRUE,reported,igd
-0.2781,26633500,4.36516e-09,3301,17,0.0474,prot-a-1598,rs28642958,T,C,0.07252,Tyrosine-protein kinase JAK2 || id:prot-a-1598,TRUE,reported,igd
-0.2828,26701123,1.8197e-28,3301,17,0.0256,prot-a-1598,rs11444944,T,TA,0.47396,Tyrosine-protein kinase JAK2 || id:prot-a-1598,TRUE,reported,igd
0.3454,26717268,1.09648e-47,3301,17,0.0238,prot-a-1598,rs4794828,A,G,0.5099,Tyrosine-protein kinase JAK2 || id:prot-a-1598,TRUE,reported,igd
-0.184,26719788,6.91831e-09,3301,17,0.0318,prot-a-1598,rs35714695,A,G,0.18365,Tyrosine-protein kinase JAK2 || id:prot-a-1598,TRUE,reported,igd
0.2831,26720564,1.07152e-31,3301,17,0.0242,prot-a-1598,rs4795435,A,G,0.55308,Tyrosine-protein kinase JAK2 || id:prot-a-1598,TRUE,reported,igd
0.2832,26722728,1.14815e-31,3301,17,0.0242,prot-a-1598,rs8081240,T,C,0.5518,Tyrosine-protein kinase JAK2 || id:prot-a-1598,TRUE,reported,igd
-0.2424,26739127,5.7544e-22,3301,17,0.0252,prot-a-1598,rs12947270,G,A,0.38369,Tyrosine-protein kinase JAK2 || id:prot-a-1598,TRUE,reported,igd
0.3059,26742123,1e-23,3301,17,0.0305,prot-a-1598,rs11657236,T,G,0.21238,Tyrosine-protein kinase JAK2 || id:prot-a-1598,TRUE,reported,igd
0.1911,26748327,1.99526e-08,3301,17,0.034,prot-a-1598,rs112266449,C,A,0.15031,Tyrosine-protein kinase JAK2 || id:prot-a-1598,TRUE,reported,igd
-0.1651,26752199,1.62181e-10,3301,17,0.0258,prot-a-1598,rs12051593,G,T,0.45226,Tyrosine-protein kinase JAK2 || id:prot-a-1598,TRUE,reported,igd
-0.1615,26757158,2.81838e-11,3301,17,0.0243,prot-a-1598,rs62065289,G,C,0.48223,Tyrosine-protein kinase JAK2 || id:prot-a-1598,TRUE,reported,igd
-0.1472,26789271,1.34896e-09,3301,17,0.0243,prot-a-1598,rs11080063,G,A,0.49929,Tyrosine-protein kinase JAK2 || id:prot-a-1598,TRUE,reported,igd
-0.1502,26791128,8.70964e-10,3301,17,0.0245,prot-a-1598,rs4569345,C,T,0.49967,Tyrosine-protein kinase JAK2 || id:prot-a-1598,TRUE,reported,igd
-0.1509,26791585,6.91831e-10,3301,17,0.0245,prot-a-1598,rs4795443,G,A,0.50247,Tyrosine-protein kinase JAK2 || id:prot-a-1598,TRUE,reported,igd
-0.1524,26793142,4.2658e-10,3301,17,0.0244,prot-a-1598,rs62065327,C,A,0.50379,Tyrosine-protein kinase JAK2 || id:prot-a-1598,TRUE,reported,igd
-0.1404,26793577,9.77237e-09,3301,17,0.0245,prot-a-1598,rs62065331,A,G,0.49222,Tyrosine-protein kinase JAK2 || id:prot-a-1598,TRUE,reported,igd
-0.1407,26794795,1.09648e-08,3301,17,0.0246,prot-a-1598,rs11654702,G,A,0.49093,Tyrosine-protein kinase JAK2 || id:prot-a-1598,TRUE,reported,igd
-0.1449,26794935,5.62341e-09,3301,17,0.0249,prot-a-1598,rs36032016,A,G,0.48678,Tyrosine-protein kinase JAK2 || id:prot-a-1598,TRUE,reported,igd
0.1902,26375467,8.31764e-10,3301,17,0.031,prot-a-1598,rs1460026,A,G,0.80117,Tyrosine-protein kinase JAK2 || id:prot-a-1598,TRUE,reported,igd
0.2062,26398130,4.46684e-16,3301,17,0.0254,prot-a-1598,rs9902833,G,A,0.61385,Tyrosine-protein kinase JAK2 || id:prot-a-1598,TRUE,reported,igd
-0.2899,26628747,4.57088e-32,3301,17,0.0246,prot-a-1598,rs241780,A,G,0.40822,Tyrosine-protein kinase JAK2 || id:prot-a-1598,TRUE,reported,igd
-0.354,26631336,1.04713e-49,3301,17,0.0239,prot-a-1598,rs241779,A,C,0.479,Tyrosine-protein kinase JAK2 || id:prot-a-1598,TRUE,reported,igd
-0.2607,26636755,1.51356e-25,3301,17,0.025,prot-a-1598,rs35730881,CA,C,0.44764,Tyrosine-protein kinase JAK2 || id:prot-a-1598,TRUE,reported,igd
-0.3077,26638620,4.2658e-36,3301,17,0.0245,prot-a-1598,rs34379769,GT,G,0.42729,Tyrosine-protein kinase JAK2 || id:prot-a-1598,TRUE,reported,igd
0.2528,26676931,1.51356e-18,3301,17,0.0288,prot-a-1598,rs1858837,C,T,0.76059,Tyrosine-protein kinase JAK2 || id:prot-a-1598,TRUE,reported,igd
-0.1797,26710570,4.46684e-08,3301,17,0.0329,prot-a-1598,rs34660379,A,G,0.1683,Tyrosine-protein kinase JAK2 || id:prot-a-1598,TRUE,reported,igd
0.2794,26725265,7.58578e-31,3301,17,0.0242,prot-a-1598,rs2239908,A,G,0.55118,Tyrosine-protein kinase JAK2 || id:prot-a-1598,TRUE,reported,igd
-0.1931,26744227,2.5704e-14,3301,17,0.0253,prot-a-1598,rs35441936,A,AG,0.52797,Tyrosine-protein kinase JAK2 || id:prot-a-1598,TRUE,reported,igd
-0.1482,26790131,1.94984e-09,3301,17,0.0247,prot-a-1598,rs55639259,T,TA,0.5102,Tyrosine-protein kinase JAK2 || id:prot-a-1598,TRUE,reported,igd
-0.1499,26791325,8.70964e-10,3301,17,0.0245,prot-a-1598,rs4340375,T,C,0.50229,Tyrosine-protein kinase JAK2 || id:prot-a-1598,TRUE,reported,igd
-0.1518,26791527,5.62341e-10,3301,17,0.0245,prot-a-1598,rs8074856,G,A,0.50162,Tyrosine-protein kinase JAK2 || id:prot-a-1598,TRUE,reported,igd
0.216,26516208,3.80189e-18,3301,17,0.0249,prot-a-1598,rs1242299,A,G,0.57107,Tyrosine-protein kinase JAK2 || id:prot-a-1598,TRUE,reported,igd
-0.2224,26608660,4.57088e-16,3301,17,0.0274,prot-a-1598,rs58901,T,C,0.29337,Tyrosine-protein kinase JAK2 || id:prot-a-1598,TRUE,reported,igd
-0.2491,26633155,2.95121e-10,3301,17,0.0395,prot-a-1598,rs241778,T,A,0.11272,Tyrosine-protein kinase JAK2 || id:prot-a-1598,TRUE,reported,igd
-0.2951,26638804,1.02329e-31,3301,17,0.0252,prot-a-1598,rs550871660,CT,C,0.39485,Tyrosine-protein kinase JAK2 || id:prot-a-1598,TRUE,reported,igd
0.3137,26647370,1.86209e-08,3301,17,0.0558,prot-a-1598,rs17723890,A,G,0.05374,Tyrosine-protein kinase JAK2 || id:prot-a-1598,TRUE,reported,igd
0.348,26670627,1.44544e-48,3301,17,0.0238,prot-a-1598,rs3093692,A,G,0.50816,Tyrosine-protein kinase JAK2 || id:prot-a-1598,TRUE,reported,igd
-0.2778,26239239,2.5704e-08,3301,17,0.0499,prot-a-1598,rs148681244,T,C,0.06603,Tyrosine-protein kinase JAK2 || id:prot-a-1598,TRUE,reported,igd
0.2402,26327892,6.0256e-09,3301,17,0.0413,prot-a-1598,rs4239214,A,G,0.10012,Tyrosine-protein kinase JAK2 || id:prot-a-1598,TRUE,reported,igd
0.1991,26454407,3.46737e-15,3301,17,0.0253,prot-a-1598,rs1380565,A,G,0.61214,Tyrosine-protein kinase JAK2 || id:prot-a-1598,TRUE,reported,igd
0.2184,26518721,1.28825e-18,3301,17,0.0248,prot-a-1598,rs2611757,T,C,0.56052,Tyrosine-protein kinase JAK2 || id:prot-a-1598,TRUE,reported,igd
0.2088,26542774,4.7863e-13,3301,17,0.0289,prot-a-1598,rs142207372,CAGA,C,0.76557,Tyrosine-protein kinase JAK2 || id:prot-a-1598,TRUE,reported,igd
-0.17,26545260,5.88844e-09,3301,17,0.0292,prot-a-1598,rs12450276,C,T,0.75828,Tyrosine-protein kinase JAK2 || id:prot-a-1598,TRUE,reported,igd
-0.205,26566358,7.58578e-15,3301,17,0.0264,prot-a-1598,rs171361,A,C,0.31421,Tyrosine-protein kinase JAK2 || id:prot-a-1598,TRUE,reported,igd
0.2948,26572852,4.2658e-33,3301,17,0.0246,prot-a-1598,rs11272957,T,TTTGTTCCAAACCCC,0.43629,Tyrosine-protein kinase JAK2 || id:prot-a-1598,TRUE,reported,igd
0.2338,26574430,6.45654e-16,3301,17,0.0289,prot-a-1598,rs140528012,T,TTCCACC,0.72324,Tyrosine-protein kinase JAK2 || id:prot-a-1598,TRUE,reported,igd
-0.2522,26622115,3.16228e-18,3301,17,0.029,prot-a-1598,rs241791,A,G,0.23876,Tyrosine-protein kinase JAK2 || id:prot-a-1598,TRUE,reported,igd
-0.2771,26627864,4.7863e-09,3301,17,0.0473,prot-a-1598,rs80312919,A,C,0.07267,Tyrosine-protein kinase JAK2 || id:prot-a-1598,TRUE,reported,igd
-0.2945,26633347,1.90546e-32,3301,17,0.0248,prot-a-1598,rs35679432,TG,T,0.41141,Tyrosine-protein kinase JAK2 || id:prot-a-1598,TRUE,reported,igd
-0.3456,26633616,9.12011e-48,3301,17,0.0238,prot-a-1598,rs241777,T,C,0.49284,Tyrosine-protein kinase JAK2 || id:prot-a-1598,TRUE,reported,igd
-0.2902,26644308,1.90546e-32,3301,17,0.0245,prot-a-1598,rs241776,T,C,0.40792,Tyrosine-protein kinase JAK2 || id:prot-a-1598,TRUE,reported,igd
-0.1499,26790356,8.12831e-10,3301,17,0.0244,prot-a-1598,rs56875117,T,C,0.50244,Tyrosine-protein kinase JAK2 || id:prot-a-1598,TRUE,reported,igd
-0.151,26792621,7.4131e-10,3301,17,0.0245,prot-a-1598,rs4636956,A,G,0.49898,Tyrosine-protein kinase JAK2 || id:prot-a-1598,TRUE,reported,igd
-0.1414,26794939,1.28825e-08,3301,17,0.0249,prot-a-1598,rs62065340,G,T,0.48599,Tyrosine-protein kinase JAK2 || id:prot-a-1598,TRUE,reported,igd
-0.138,26795081,2.39883e-08,3301,17,0.0247,prot-a-1598,rs11080065,A,G,0.4841,Tyrosine-protein kinase JAK2 || id:prot-a-1598,TRUE,reported,igd
0.3481,26703682,1.41254e-48,3301,17,0.0238,prot-a-1598,rs7212510,A,T,0.50911,Tyrosine-protein kinase JAK2 || id:prot-a-1598,TRUE,reported,igd
0.3447,26718177,1.8197e-47,3301,17,0.0238,prot-a-1598,rs6505079,A,T,0.51071,Tyrosine-protein kinase JAK2 || id:prot-a-1598,TRUE,reported,igd
-0.287,26722039,1.90546e-32,3301,17,0.0242,prot-a-1598,rs34879232,G,GA,0.45209,Tyrosine-protein kinase JAK2 || id:prot-a-1598,TRUE,reported,igd
-0.1904,26751708,2.45471e-08,3301,17,0.0341,prot-a-1598,rs113595210,T,TA,0.84956,Tyrosine-protein kinase JAK2 || id:prot-a-1598,TRUE,reported,igd
-0.1896,26757669,9.12011e-10,3301,17,0.031,prot-a-1598,rs62065291,T,C,0.20324,Tyrosine-protein kinase JAK2 || id:prot-a-1598,TRUE,reported,igd
-0.1481,26789072,9.12011e-10,3301,17,0.0242,prot-a-1598,rs4354980,A,G,0.50298,Tyrosine-protein kinase JAK2 || id:prot-a-1598,TRUE,reported,igd
-0.1498,26791078,9.12011e-10,3301,17,0.0245,prot-a-1598,rs4511587,G,A,0.50214,Tyrosine-protein kinase JAK2 || id:prot-a-1598,TRUE,reported,igd
-0.1503,26792073,7.94328e-10,3301,17,0.0245,prot-a-1598,rs11080064,G,A,0.5024,Tyrosine-protein kinase JAK2 || id:prot-a-1598,TRUE,reported,igd
0.2608,26538360,1e-08,3301,17,0.0455,prot-a-1598,rs78419586,A,G,0.08242,Tyrosine-protein kinase JAK2 || id:prot-a-1598,TRUE,reported,igd
0.3085,26605651,2.23872e-36,3301,17,0.0245,prot-a-1598,rs34626243,G,GT,0.43194,Tyrosine-protein kinase JAK2 || id:prot-a-1598,TRUE,reported,igd
-0.3505,26612996,5.24807e-49,3301,17,0.0238,prot-a-1598,rs614877,T,C,0.48058,Tyrosine-protein kinase JAK2 || id:prot-a-1598,TRUE,reported,igd
-0.2814,26643541,2.81838e-09,3301,17,0.0473,prot-a-1598,rs8076992,G,T,0.07268,Tyrosine-protein kinase JAK2 || id:prot-a-1598,TRUE,reported,igd
0.2841,26683794,3.23594e-08,3301,17,0.0514,prot-a-1598,rs76514752,T,C,0.06082,Tyrosine-protein kinase JAK2 || id:prot-a-1598,TRUE,reported,igd
-0.3184,26718899,7.24436e-30,3301,17,0.028,prot-a-1598,rs35495893,G,GT,0.66854,Tyrosine-protein kinase JAK2 || id:prot-a-1598,TRUE,reported,igd
-0.173,26744679,1.7378e-12,3301,17,0.0245,prot-a-1598,rs11653044,A,G,0.45086,Tyrosine-protein kinase JAK2 || id:prot-a-1598,TRUE,reported,igd
-0.1583,26760497,7.58578e-11,3301,17,0.0243,prot-a-1598,rs11080060,A,G,0.47907,Tyrosine-protein kinase JAK2 || id:prot-a-1598,TRUE,reported,igd
-0.1556,26788449,2.34423e-10,3301,17,0.0246,prot-a-1598,rs11080062,G,A,0.53313,Tyrosine-protein kinase JAK2 || id:prot-a-1598,TRUE,reported,igd
-0.149,26790628,1.14815e-09,3301,17,0.0245,prot-a-1598,rs60826711,A,G,0.50092,Tyrosine-protein kinase JAK2 || id:prot-a-1598,TRUE,reported,igd
-0.1473,26793296,1.65959e-09,3301,17,0.0244,prot-a-1598,rs62065328,C,T,0.50341,Tyrosine-protein kinase JAK2 || id:prot-a-1598,TRUE,reported,igd
-0.1476,26793776,1.90546e-09,3301,17,0.0246,prot-a-1598,rs62065332,C,T,0.48943,Tyrosine-protein kinase JAK2 || id:prot-a-1598,TRUE,reported,igd
-0.1359,26795460,4.2658e-08,3301,17,0.0248,prot-a-1598,rs34363695,T,TA,0.48987,Tyrosine-protein kinase JAK2 || id:prot-a-1598,TRUE,reported,igd
-0.2736,26226096,2.69153e-08,3301,17,0.0492,prot-a-1598,rs34302111,G,T,0.06641,Tyrosine-protein kinase JAK2 || id:prot-a-1598,TRUE,reported,igd
-0.2596,26624191,3.0903e-08,3301,17,0.0469,prot-a-1598,rs9893285,T,C,0.07608,Tyrosine-protein kinase JAK2 || id:prot-a-1598,TRUE,reported,igd
-0.3524,26624906,3.01995e-49,3301,17,0.0239,prot-a-1598,rs35578477,G,GA,0.48035,Tyrosine-protein kinase JAK2 || id:prot-a-1598,TRUE,reported,igd
0.3917,26694861,3.46737e-61,3301,17,0.0237,prot-a-1598,rs704,A,G,0.46665,Tyrosine-protein kinase JAK2 || id:prot-a-1598,TRUE,reported,igd
0.2289,26734280,8.31764e-17,3301,17,0.0275,prot-a-1598,rs41297049,A,G,0.27161,Tyrosine-protein kinase JAK2 || id:prot-a-1598,TRUE,reported,igd
0.227,26735142,1.20226e-16,3301,17,0.0274,prot-a-1598,rs9905973,A,G,0.271,Tyrosine-protein kinase JAK2 || id:prot-a-1598,TRUE,reported,igd
-0.1695,26746616,3.01995e-11,3301,17,0.0255,prot-a-1598,rs11080059,A,G,0.61102,Tyrosine-protein kinase JAK2 || id:prot-a-1598,TRUE,reported,igd
0.1917,26748373,1.8197e-08,3301,17,0.0341,prot-a-1598,rs73273196,G,A,0.14962,Tyrosine-protein kinase JAK2 || id:prot-a-1598,TRUE,reported,igd
-0.157,26763529,9.54993e-11,3301,17,0.0243,prot-a-1598,rs56163914,C,A,0.48213,Tyrosine-protein kinase JAK2 || id:prot-a-1598,TRUE,reported,igd
-0.1422,26776695,4.67735e-09,3301,17,0.0243,prot-a-1598,rs55874172,T,C,0.49772,Tyrosine-protein kinase JAK2 || id:prot-a-1598,TRUE,reported,igd
-0.146,26788844,1.65959e-09,3301,17,0.0242,prot-a-1598,rs4468674,T,C,0.5024,Tyrosine-protein kinase JAK2 || id:prot-a-1598,TRUE,reported,igd
-0.1401,26795115,1.25893e-08,3301,17,0.0246,prot-a-1598,rs11080066,G,C,0.48837,Tyrosine-protein kinase JAK2 || id:prot-a-1598,TRUE,reported,igd
-0.1401,26795313,1.1749e-08,3301,17,0.0246,prot-a-1598,rs7501666,T,G,0.48991,Tyrosine-protein kinase JAK2 || id:prot-a-1598,TRUE,reported,igd
-0.2115,26554775,3.63078e-13,3301,17,0.0291,prot-a-1598,rs9897022,T,C,0.23013,Tyrosine-protein kinase JAK2 || id:prot-a-1598,TRUE,reported,igd
-0.2064,26555970,1.25893e-12,3301,17,0.0291,prot-a-1598,rs72843980,C,T,0.23135,Tyrosine-protein kinase JAK2 || id:prot-a-1598,TRUE,reported,igd
-0.2046,26566681,8.51138e-15,3301,17,0.0264,prot-a-1598,rs241784,G,A,0.31401,Tyrosine-protein kinase JAK2 || id:prot-a-1598,TRUE,reported,igd
-0.2113,26568902,9.77237e-16,3301,17,0.0263,prot-a-1598,rs241782,T,A,0.32368,Tyrosine-protein kinase JAK2 || id:prot-a-1598,TRUE,reported,igd
0.3472,26718592,3.46737e-48,3301,17,0.0238,prot-a-1598,rs9913833,T,C,0.50976,Tyrosine-protein kinase JAK2 || id:prot-a-1598,TRUE,reported,igd
-0.2823,26253094,3.31131e-08,3301,17,0.0511,prot-a-1598,rs113601614,A,G,0.06532,Tyrosine-protein kinase JAK2 || id:prot-a-1598,TRUE,reported,igd
-0.21,26356070,4.36516e-16,3301,17,0.0258,prot-a-1598,rs34618357,T,TA,0.38435,Tyrosine-protein kinase JAK2 || id:prot-a-1598,TRUE,reported,igd
0.1981,26383960,2.51189e-10,3301,17,0.0313,prot-a-1598,rs9911014,T,C,0.80648,Tyrosine-protein kinase JAK2 || id:prot-a-1598,TRUE,reported,igd
-0.2103,26566036,1.54882e-15,3301,17,0.0264,prot-a-1598,rs241786,C,G,0.31353,Tyrosine-protein kinase JAK2 || id:prot-a-1598,TRUE,reported,igd
-0.2189,26607720,1.20226e-15,3301,17,0.0274,prot-a-1598,rs241772,C,T,0.29509,Tyrosine-protein kinase JAK2 || id:prot-a-1598,TRUE,reported,igd
-0.2785,26624341,4.2658e-09,3301,17,0.0474,prot-a-1598,rs28698393,C,A,0.07232,Tyrosine-protein kinase JAK2 || id:prot-a-1598,TRUE,reported,igd
-0.28,26624576,1.25893e-17,3301,17,0.0328,prot-a-1598,rs187919677,C,T,0.21321,Tyrosine-protein kinase JAK2 || id:prot-a-1598,TRUE,reported,igd
0.3442,26649724,8.51138e-48,3301,17,0.0237,prot-a-1598,rs11080055,C,A,0.50786,Tyrosine-protein kinase JAK2 || id:prot-a-1598,TRUE,reported,igd
0.3472,26676135,1.14815e-48,3301,17,0.0237,prot-a-1598,rs13469,T,C,0.50763,Tyrosine-protein kinase JAK2 || id:prot-a-1598,TRUE,reported,igd
0.2516,26691321,2.45471e-18,3301,17,0.0288,prot-a-1598,rs9910163,G,A,0.76328,Tyrosine-protein kinase JAK2 || id:prot-a-1598,TRUE,reported,igd
0.288,26721304,1.20226e-32,3301,17,0.0242,prot-a-1598,rs10853128,G,A,0.55309,Tyrosine-protein kinase JAK2 || id:prot-a-1598,TRUE,reported,igd
0.2858,26725744,3.38844e-32,3301,17,0.0242,prot-a-1598,rs2239907,C,T,0.55299,Tyrosine-protein kinase JAK2 || id:prot-a-1598,TRUE,reported,igd
0.1877,26448417,2.75423e-13,3301,17,0.0257,prot-a-1598,rs11308814,G,GA,0.61784,Tyrosine-protein kinase JAK2 || id:prot-a-1598,TRUE,reported,igd
-0.2049,26525465,1.44544e-12,3301,17,0.0289,prot-a-1598,rs111878774,C,T,0.23705,Tyrosine-protein kinase JAK2 || id:prot-a-1598,TRUE,reported,igd
-0.2022,26564673,1.99526e-14,3301,17,0.0264,prot-a-1598,rs241788,A,C,0.31243,Tyrosine-protein kinase JAK2 || id:prot-a-1598,TRUE,reported,igd
-0.1798,26564683,1.41254e-09,3301,17,0.0297,prot-a-1598,rs241787,T,A,0.76035,Tyrosine-protein kinase JAK2 || id:prot-a-1598,TRUE,reported,igd
-0.2804,26630479,3.01995e-09,3301,17,0.0473,prot-a-1598,rs9913210,T,C,0.07293,Tyrosine-protein kinase JAK2 || id:prot-a-1598,TRUE,reported,igd
0.3478,26671196,1.12202e-48,3301,17,0.0237,prot-a-1598,rs733914,G,C,0.50822,Tyrosine-protein kinase JAK2 || id:prot-a-1598,TRUE,reported,igd
0.347,26678960,1.65959e-48,3301,17,0.0237,prot-a-1598,rs2073867,C,G,0.5081,Tyrosine-protein kinase JAK2 || id:prot-a-1598,TRUE,reported,igd
0.3472,26688663,1.8197e-48,3301,17,0.0237,prot-a-1598,rs708100,A,G,0.50863,Tyrosine-protein kinase JAK2 || id:prot-a-1598,TRUE,reported,igd
-0.1732,26746032,8.51138e-12,3301,17,0.0254,prot-a-1598,rs9903504,C,T,0.61072,Tyrosine-protein kinase JAK2 || id:prot-a-1598,TRUE,reported,igd
-0.1486,26789536,8.12831e-10,3301,17,0.0242,prot-a-1598,rs4405597,C,T,0.50242,Tyrosine-protein kinase JAK2 || id:prot-a-1598,TRUE,reported,igd
-0.1505,26789922,8.12831e-10,3301,17,0.0245,prot-a-1598,rs12325681,A,G,0.50081,Tyrosine-protein kinase JAK2 || id:prot-a-1598,TRUE,reported,igd
-0.15,26790868,8.51138e-10,3301,17,0.0244,prot-a-1598,rs57932087,G,A,0.50246,Tyrosine-protein kinase JAK2 || id:prot-a-1598,TRUE,reported,igd
-0.1496,26792546,9.12011e-10,3301,17,0.0244,prot-a-1598,rs4566227,T,G,0.50268,Tyrosine-protein kinase JAK2 || id:prot-a-1598,TRUE,reported,igd
0.2937,26695832,7.07946e-33,3301,17,0.0246,prot-a-1598,rs2071379,G,A,0.59691,Tyrosine-protein kinase JAK2 || id:prot-a-1598,TRUE,reported,igd
0.346,26716821,8.31764e-48,3301,17,0.0238,prot-a-1598,rs4795433,T,C,0.50963,Tyrosine-protein kinase JAK2 || id:prot-a-1598,TRUE,reported,igd
0.2198,26742060,1.99526e-15,3301,17,0.0277,prot-a-1598,rs11080058,A,G,0.28322,Tyrosine-protein kinase JAK2 || id:prot-a-1598,TRUE,reported,igd
-0.1607,26753013,3.89045e-11,3301,17,0.0243,prot-a-1598,rs8076661,G,A,0.48322,Tyrosine-protein kinase JAK2 || id:prot-a-1598,TRUE,reported,igd
-0.1502,26791486,7.94328e-10,3301,17,0.0244,prot-a-1598,rs4795442,T,C,0.50249,Tyrosine-protein kinase JAK2 || id:prot-a-1598,TRUE,reported,igd
-0.1385,26796900,1.90546e-08,3301,17,0.0246,prot-a-1598,rs62065341,A,G,0.48677,Tyrosine-protein kinase JAK2 || id:prot-a-1598,TRUE,reported,igd
-0.1362,26797091,3.0903e-08,3301,17,0.0246,prot-a-1598,rs9890796,C,T,0.49199,Tyrosine-protein kinase JAK2 || id:prot-a-1598,TRUE,reported,igd
-0.2824,26243698,3.71535e-08,3301,17,0.0513,prot-a-1598,rs113014661,A,G,0.06448,Tyrosine-protein kinase JAK2 || id:prot-a-1598,TRUE,reported,igd
0.1971,26389140,2.63027e-10,3301,17,0.0312,prot-a-1598,rs2010409,T,C,0.80589,Tyrosine-protein kinase JAK2 || id:prot-a-1598,TRUE,reported,igd
0.1591,26530578,5.62341e-09,3301,17,0.0273,prot-a-1598,rs34549927,C,T,0.28469,Tyrosine-protein kinase JAK2 || id:prot-a-1598,TRUE,reported,igd
0.2703,26538942,6.16595e-09,3301,17,0.0465,prot-a-1598,rs7219590,T,C,0.07867,Tyrosine-protein kinase JAK2 || id:prot-a-1598,TRUE,reported,igd
-0.1776,26564652,2.13796e-09,3301,17,0.0297,prot-a-1598,rs241789,G,A,0.76046,Tyrosine-protein kinase JAK2 || id:prot-a-1598,TRUE,reported,igd
-0.2273,26605158,8.51138e-17,3301,17,0.0273,prot-a-1598,rs241773,G,T,0.2966,Tyrosine-protein kinase JAK2 || id:prot-a-1598,TRUE,reported,igd
-0.2779,26623772,4.46684e-09,3301,17,0.0474,prot-a-1598,rs78597661,A,C,0.07252,Tyrosine-protein kinase JAK2 || id:prot-a-1598,TRUE,reported,igd
-0.2527,26643989,2.45471e-18,3301,17,0.0289,prot-a-1598,rs171360,C,A,0.23656,Tyrosine-protein kinase JAK2 || id:prot-a-1598,TRUE,reported,igd
0.2896,26645991,2.5704e-32,3301,17,0.0245,prot-a-1598,rs11080054,A,G,0.5921,Tyrosine-protein kinase JAK2 || id:prot-a-1598,TRUE,reported,igd
-0.284,26655878,2.29087e-09,3301,17,0.0475,prot-a-1598,rs148429122,G,GAAGA,0.07204,Tyrosine-protein kinase JAK2 || id:prot-a-1598,TRUE,reported,igd
-0.1931,26657261,4.7863e-13,3301,17,0.0267,prot-a-1598,rs34843464,CA,C,0.4066,Tyrosine-protein kinase JAK2 || id:prot-a-1598,TRUE,reported,igd
0.2884,26664806,8.12831e-32,3301,17,0.0246,prot-a-1598,rs3093680,C,T,0.59436,Tyrosine-protein kinase JAK2 || id:prot-a-1598,TRUE,reported,igd
0.285,26721895,4.89779e-32,3301,17,0.0242,prot-a-1598,rs1128161,A,G,0.55356,Tyrosine-protein kinase JAK2 || id:prot-a-1598,TRUE,reported,igd
-0.1425,26786157,3.89045e-09,3301,17,0.0242,prot-a-1598,rs145199226,G,A,0.5009,Tyrosine-protein kinase JAK2 || id:prot-a-1598,TRUE,reported,igd
-0.1503,26789668,5.24807e-10,3301,17,0.0242,prot-a-1598,rs4506955,G,A,0.50184,Tyrosine-protein kinase JAK2 || id:prot-a-1598,TRUE,reported,igd
-0.1485,26790599,1.38038e-09,3301,17,0.0245,prot-a-1598,rs60186733,A,C,0.49972,Tyrosine-protein kinase JAK2 || id:prot-a-1598,TRUE,reported,igd
-0.1517,26793502,5.62341e-10,3301,17,0.0245,prot-a-1598,rs62065330,C,T,0.50384,Tyrosine-protein kinase JAK2 || id:prot-a-1598,TRUE,reported,igd
-0.1394,26794375,1.54882e-08,3301,17,0.0247,prot-a-1598,rs4483904,G,A,0.48919,Tyrosine-protein kinase JAK2 || id:prot-a-1598,TRUE,reported,igd
0.3214,26679563,1.34896e-39,3301,17,0.0244,prot-a-1598,rs3032928,CTTT,C,0.45639,Tyrosine-protein kinase JAK2 || id:prot-a-1598,TRUE,reported,igd
0.2887,26693231,4.57088e-32,3301,17,0.0245,prot-a-1598,rs2227736,C,G,0.59312,Tyrosine-protein kinase JAK2 || id:prot-a-1598,TRUE,reported,igd
0.3521,26706946,2.95121e-49,3301,17,0.0239,prot-a-1598,rs2027993,T,G,0.51371,Tyrosine-protein kinase JAK2 || id:prot-a-1598,TRUE,reported,igd
0.2841,26733698,6.60693e-32,3301,17,0.0242,prot-a-1598,rs7212349,C,T,0.55332,Tyrosine-protein kinase JAK2 || id:prot-a-1598,TRUE,reported,igd
0.2561,26737888,5.49541e-25,3301,17,0.0248,prot-a-1598,rs6505081,T,C,0.59355,Tyrosine-protein kinase JAK2 || id:prot-a-1598,TRUE,reported,igd
-0.1635,26747905,1.86209e-11,3301,17,0.0243,prot-a-1598,rs56059721,A,G,0.47928,Tyrosine-protein kinase JAK2 || id:prot-a-1598,TRUE,reported,igd
-0.1581,26756559,7.76247e-11,3301,17,0.0243,prot-a-1598,rs62065287,A,T,0.47991,Tyrosine-protein kinase JAK2 || id:prot-a-1598,TRUE,reported,igd
-0.1418,26775741,4.57088e-09,3301,17,0.0242,prot-a-1598,rs4555192,A,C,0.50098,Tyrosine-protein kinase JAK2 || id:prot-a-1598,TRUE,reported,igd
-0.1419,26793946,7.07946e-09,3301,17,0.0245,prot-a-1598,rs62065333,G,A,0.4933,Tyrosine-protein kinase JAK2 || id:prot-a-1598,TRUE,reported,igd
-0.1379,26795156,2.13796e-08,3301,17,0.0246,prot-a-1598,rs12449751,A,G,0.48953,Tyrosine-protein kinase JAK2 || id:prot-a-1598,TRUE,reported,igd
0.2029,26473700,1.41254e-15,3301,17,0.0254,prot-a-1598,rs4795351,A,C,0.61517,Tyrosine-protein kinase JAK2 || id:prot-a-1598,TRUE,reported,igd
-0.2134,26551343,2.29087e-13,3301,17,0.0291,prot-a-1598,rs9748072,T,C,0.22936,Tyrosine-protein kinase JAK2 || id:prot-a-1598,TRUE,reported,igd
-0.1741,26557777,2.88403e-09,3301,17,0.0293,prot-a-1598,rs9892733,G,C,0.75782,Tyrosine-protein kinase JAK2 || id:prot-a-1598,TRUE,reported,igd
-0.2058,26565881,4.67735e-15,3301,17,0.0263,prot-a-1598,rs189554,C,T,0.31744,Tyrosine-protein kinase JAK2 || id:prot-a-1598,TRUE,reported,igd
-0.1986,26566245,3.98107e-14,3301,17,0.0263,prot-a-1598,rs241785,T,A,0.31924,Tyrosine-protein kinase JAK2 || id:prot-a-1598,TRUE,reported,igd
-0.2092,26567055,2.63027e-15,3301,17,0.0265,prot-a-1598,rs241783,A,G,0.31094,Tyrosine-protein kinase JAK2 || id:prot-a-1598,TRUE,reported,igd
0.2005,26569552,9.33254e-13,3301,17,0.0281,prot-a-1598,rs12937461,A,G,0.27604,Tyrosine-protein kinase JAK2 || id:prot-a-1598,TRUE,reported,igd
-0.2473,26578461,3.71535e-17,3301,17,0.0294,prot-a-1598,rs80917,C,G,0.76664,Tyrosine-protein kinase JAK2 || id:prot-a-1598,TRUE,reported,igd
-0.1699,26610220,3.80189e-09,3301,17,0.0288,prot-a-1598,rs9894481,T,C,0.24705,Tyrosine-protein kinase JAK2 || id:prot-a-1598,TRUE,reported,igd
-0.2753,26617654,4.46684e-09,3301,17,0.0469,prot-a-1598,rs6505075,A,G,0.07401,Tyrosine-protein kinase JAK2 || id:prot-a-1598,TRUE,reported,igd
0.2803,26723613,5.12861e-31,3301,17,0.0242,prot-a-1598,rs2239911,T,G,0.55155,Tyrosine-protein kinase JAK2 || id:prot-a-1598,TRUE,reported,igd
-0.1591,26757423,5.88844e-11,3301,17,0.0243,prot-a-1598,rs62065290,A,G,0.47999,Tyrosine-protein kinase JAK2 || id:prot-a-1598,TRUE,reported,igd
-0.1478,26789379,9.77237e-10,3301,17,0.0242,prot-a-1598,rs4580241,G,T,0.50295,Tyrosine-protein kinase JAK2 || id:prot-a-1598,TRUE,reported,igd
-0.1523,26791159,5.12861e-10,3301,17,0.0245,prot-a-1598,rs4581750,C,T,0.50144,Tyrosine-protein kinase JAK2 || id:prot-a-1598,TRUE,reported,igd
-0.1503,26791741,7.76247e-10,3301,17,0.0244,prot-a-1598,rs8074596,T,C,0.50245,Tyrosine-protein kinase JAK2 || id:prot-a-1598,TRUE,reported,igd
-0.149,26793319,1.12202e-09,3301,17,0.0245,prot-a-1598,rs62065329,A,G,0.50357,Tyrosine-protein kinase JAK2 || id:prot-a-1598,TRUE,reported,igd
-0.2281,26585423,5.7544e-18,3301,17,0.0264,prot-a-1598,rs241770,A,G,0.32331,Tyrosine-protein kinase JAK2 || id:prot-a-1598,TRUE,reported,igd
-0.3097,26592946,7.4131e-37,3301,17,0.0244,prot-a-1598,rs241771,C,T,0.55463,Tyrosine-protein kinase JAK2 || id:prot-a-1598,TRUE,reported,igd
-0.2286,26600644,4.67735e-18,3301,17,0.0264,prot-a-1598,rs241774,A,G,0.32295,Tyrosine-protein kinase JAK2 || id:prot-a-1598,TRUE,reported,igd
-0.2771,26630843,4.67735e-09,3301,17,0.0473,prot-a-1598,rs9912465,A,G,0.07267,Tyrosine-protein kinase JAK2 || id:prot-a-1598,TRUE,reported,igd
-0.279,26640212,3.98107e-09,3301,17,0.0474,prot-a-1598,rs75680843,T,C,0.07254,Tyrosine-protein kinase JAK2 || id:prot-a-1598,TRUE,reported,igd
-0.1631,26764941,2.18776e-11,3301,17,0.0244,prot-a-1598,rs55746797,A,G,0.47631,Tyrosine-protein kinase JAK2 || id:prot-a-1598,TRUE,reported,igd
-0.1484,26788671,8.51138e-10,3301,17,0.0242,prot-a-1598,rs7503392,G,A,0.50283,Tyrosine-protein kinase JAK2 || id:prot-a-1598,TRUE,reported,igd
-0.1513,26790125,6.0256e-10,3301,17,0.0244,prot-a-1598,rs4795441,A,G,0.50249,Tyrosine-protein kinase JAK2 || id:prot-a-1598,TRUE,reported,igd
-0.2779,26230309,2.13796e-08,3301,17,0.0496,prot-a-1598,rs8082039,A,G,0.06658,Tyrosine-protein kinase JAK2 || id:prot-a-1598,TRUE,reported,igd
-0.2814,26247888,2.63027e-08,3301,17,0.0506,prot-a-1598,rs11653617,A,G,0.06528,Tyrosine-protein kinase JAK2 || id:prot-a-1598,TRUE,reported,igd
-0.1426,26786094,3.89045e-09,3301,17,0.0242,prot-a-1598,rs56401785,C,T,0.50023,Tyrosine-protein kinase JAK2 || id:prot-a-1598,TRUE,reported,igd
-0.1504,26790852,7.76247e-10,3301,17,0.0245,prot-a-1598,rs58174135,A,C,0.50255,Tyrosine-protein kinase JAK2 || id:prot-a-1598,TRUE,reported,igd
-0.1409,26794352,1.04713e-08,3301,17,0.0246,prot-a-1598,rs56196281,G,A,0.48901,Tyrosine-protein kinase JAK2 || id:prot-a-1598,TRUE,reported,igd
-0.1443,26794568,4.36516e-09,3301,17,0.0246,prot-a-1598,rs55841433,G,A,0.49101,Tyrosine-protein kinase JAK2 || id:prot-a-1598,TRUE,reported,igd
-0.1447,26794938,5.62341e-09,3301,17,0.0248,prot-a-1598,rs62065339,T,C,0.48597,Tyrosine-protein kinase JAK2 || id:prot-a-1598,TRUE,reported,igd
-0.1748,26562182,3.31131e-09,3301,17,0.0296,prot-a-1598,rs2138093,G,A,0.75718,Tyrosine-protein kinase JAK2 || id:prot-a-1598,TRUE,reported,igd
-0.2049,26566328,7.4131e-15,3301,17,0.0264,prot-a-1598,rs171362,A,G,0.31454,Tyrosine-protein kinase JAK2 || id:prot-a-1598,TRUE,reported,igd
-0.2161,26579133,7.07946e-16,3301,17,0.0268,prot-a-1598,rs241781,C,T,0.30821,Tyrosine-protein kinase JAK2 || id:prot-a-1598,TRUE,reported,igd
0.2891,26693258,4.0738e-32,3301,17,0.0245,prot-a-1598,rs2227735,T,C,0.59355,Tyrosine-protein kinase JAK2 || id:prot-a-1598,TRUE,reported,igd
0.3407,26713970,1.99526e-46,3301,17,0.0238,prot-a-1598,rs967645,T,C,0.50945,Tyrosine-protein kinase JAK2 || id:prot-a-1598,TRUE,reported,igd
0.2846,26722645,7.94328e-32,3301,17,0.0242,prot-a-1598,rs8079943,A,G,0.55345,Tyrosine-protein kinase JAK2 || id:prot-a-1598,TRUE,reported,igd
-0.1742,26723822,3.46737e-08,3301,17,0.0316,prot-a-1598,rs739439,T,C,0.18933,Tyrosine-protein kinase JAK2 || id:prot-a-1598,TRUE,reported,igd
0.2307,26735333,6.16595e-17,3301,17,0.0276,prot-a-1598,rs12942181,T,C,0.27105,Tyrosine-protein kinase JAK2 || id:prot-a-1598,TRUE,reported,igd
0.249,26740139,1.34896e-23,3301,17,0.0249,prot-a-1598,rs11869677,A,G,0.58763,Tyrosine-protein kinase JAK2 || id:prot-a-1598,TRUE,reported,igd
-0.3115,26743793,7.24436e-09,3301,17,0.0538,prot-a-1598,rs16964261,C,T,0.0562,Tyrosine-protein kinase JAK2 || id:prot-a-1598,TRUE,reported,igd
-0.1771,26745600,2.0893e-12,3301,17,0.0252,prot-a-1598,rs7342970,T,C,0.60847,Tyrosine-protein kinase JAK2 || id:prot-a-1598,TRUE,reported,igd
0.1982,26749941,8.51138e-09,3301,17,0.0344,prot-a-1598,rs117288663,A,G,0.14684,Tyrosine-protein kinase JAK2 || id:prot-a-1598,TRUE,reported,igd
-0.1654,26755053,1.28825e-11,3301,17,0.0244,prot-a-1598,rs4795439,G,A,0.49393,Tyrosine-protein kinase JAK2 || id:prot-a-1598,TRUE,reported,igd
-0.158,26757835,8.12831e-11,3301,17,0.0243,prot-a-1598,rs55828523,C,T,0.47998,Tyrosine-protein kinase JAK2 || id:prot-a-1598,TRUE,reported,igd
-0.1516,26790664,5.62341e-10,3301,17,0.0244,prot-a-1598,rs58777223,G,A,0.50105,Tyrosine-protein kinase JAK2 || id:prot-a-1598,TRUE,reported,igd
-0.1478,26791222,1.47911e-09,3301,17,0.0244,prot-a-1598,rs4309453,T,C,0.50308,Tyrosine-protein kinase JAK2 || id:prot-a-1598,TRUE,reported,igd
0.1349,26797556,4.46684e-08,3301,17,0.0247,prot-a-1598,rs781961241,CT,C,0.51556,Tyrosine-protein kinase JAK2 || id:prot-a-1598,TRUE,reported,igd
0.1874,26479829,1.62181e-08,3301,17,0.0332,prot-a-1598,rs7501911,C,T,0.17658,Tyrosine-protein kinase JAK2 || id:prot-a-1598,TRUE,reported,igd
-0.2061,26532678,1.09648e-12,3301,17,0.029,prot-a-1598,rs8072716,T,A,0.23487,Tyrosine-protein kinase JAK2 || id:prot-a-1598,TRUE,reported,igd
-0.2218,26533302,4.89779e-19,3301,17,0.0249,prot-a-1598,rs8068072,G,A,0.42658,Tyrosine-protein kinase JAK2 || id:prot-a-1598,TRUE,reported,igd
-0.2077,26558329,8.91251e-13,3301,17,0.0291,prot-a-1598,rs9897992,T,G,0.23077,Tyrosine-protein kinase JAK2 || id:prot-a-1598,TRUE,reported,igd
-0.2047,26571314,5.88844e-15,3301,17,0.0262,prot-a-1598,rs181368,T,C,0.32991,Tyrosine-protein kinase JAK2 || id:prot-a-1598,TRUE,reported,igd
-0.2277,26579562,9.12011e-18,3301,17,0.0265,prot-a-1598,rs181367,G,C,0.31764,Tyrosine-protein kinase JAK2 || id:prot-a-1598,TRUE,reported,igd
-0.2794,26634156,3.38844e-09,3301,17,0.0473,prot-a-1598,rs116530945,C,T,0.07307,Tyrosine-protein kinase JAK2 || id:prot-a-1598,TRUE,reported,igd
-0.3516,26644668,1.31826e-49,3301,17,0.0237,prot-a-1598,rs241775,T,C,0.47792,Tyrosine-protein kinase JAK2 || id:prot-a-1598,TRUE,reported,igd
0.2914,26665648,1.38038e-32,3301,17,0.0245,prot-a-1598,rs1007398,G,A,0.59349,Tyrosine-protein kinase JAK2 || id:prot-a-1598,TRUE,reported,igd
-0.1594,26763723,5.12861e-11,3301,17,0.0243,prot-a-1598,rs11871289,A,G,0.482,Tyrosine-protein kinase JAK2 || id:prot-a-1598,TRUE,reported,igd
0.2009,26765139,8.70964e-09,3301,17,0.0349,prot-a-1598,rs76442659,C,A,0.14696,Tyrosine-protein kinase JAK2 || id:prot-a-1598,TRUE,reported,igd
-0.1431,26783990,3.46737e-09,3301,17,0.0242,prot-a-1598,rs4420577,T,G,0.50078,Tyrosine-protein kinase JAK2 || id:prot-a-1598,TRUE,reported,igd
-0.1476,26788613,1.07152e-09,3301,17,0.0242,prot-a-1598,rs55779601,C,T,0.50301,Tyrosine-protein kinase JAK2 || id:prot-a-1598,TRUE,reported,igd
-0.1507,26789742,6.91831e-10,3301,17,0.0244,prot-a-1598,rs4420578,T,C,0.50245,Tyrosine-protein kinase JAK2 || id:prot-a-1598,TRUE,reported,igd
-0.1508,26789828,6.76083e-10,3301,17,0.0244,prot-a-1598,rs4506956,G,A,0.50223,Tyrosine-protein kinase JAK2 || id:prot-a-1598,TRUE,reported,igd
-0.1526,26789916,4.67735e-10,3301,17,0.0245,prot-a-1598,rs12325901,C,T,0.50057,Tyrosine-protein kinase JAK2 || id:prot-a-1598,TRUE,reported,igd
-0.1402,26794575,1.23027e-08,3301,17,0.0246,prot-a-1598,rs56222985,A,G,0.49096,Tyrosine-protein kinase JAK2 || id:prot-a-1598,TRUE,reported,igd
-0.141,26794816,1.04713e-08,3301,17,0.0246,prot-a-1598,rs56216739,A,G,0.49012,Tyrosine-protein kinase JAK2 || id:prot-a-1598,TRUE,reported,igd
0.2596,26332708,2.45471e-08,3301,17,0.0466,prot-a-1598,rs139613863,CA,C,0.0781,Tyrosine-protein kinase JAK2 || id:prot-a-1598,TRUE,reported,igd
-0.2537,26610668,1.65959e-20,3301,17,0.0273,prot-a-1598,rs646019,C,A,0.63991,Tyrosine-protein kinase JAK2 || id:prot-a-1598,TRUE,reported,igd
0.2873,26612617,1.86209e-08,3301,17,0.0511,prot-a-1598,rs113456008,C,T,0.06329,Tyrosine-protein kinase JAK2 || id:prot-a-1598,TRUE,reported,igd
-0.3507,26624561,1.99526e-48,3301,17,0.024,prot-a-1598,rs144579409,G,GTA,0.4803,Tyrosine-protein kinase JAK2 || id:prot-a-1598,TRUE,reported,igd
0.2838,26715948,1.04713e-30,3301,17,0.0246,prot-a-1598,rs6505077,C,G,0.59399,Tyrosine-protein kinase JAK2 || id:prot-a-1598,TRUE,reported,igd
0.3446,26716917,2.04174e-47,3301,17,0.0238,prot-a-1598,rs4795434,T,G,0.50969,Tyrosine-protein kinase JAK2 || id:prot-a-1598,TRUE,reported,igd
0.2844,26721791,5.62341e-32,3301,17,0.0242,prot-a-1598,rs1128162,A,C,0.55314,Tyrosine-protein kinase JAK2 || id:prot-a-1598,TRUE,reported,igd
0.2748,26723666,8.31764e-29,3301,17,0.0247,prot-a-1598,rs2239910,C,A,0.59087,Tyrosine-protein kinase JAK2 || id:prot-a-1598,TRUE,reported,igd
-0.1612,26751431,3.54813e-11,3301,17,0.0243,prot-a-1598,rs12450790,A,G,0.47923,Tyrosine-protein kinase JAK2 || id:prot-a-1598,TRUE,reported,igd
-0.1503,26791884,7.76247e-10,3301,17,0.0245,prot-a-1598,rs8073655,C,G,0.50245,Tyrosine-protein kinase JAK2 || id:prot-a-1598,TRUE,reported,igd
